Symbol	Accession	v2SH	Sequence	Mean.DLD1	SD.DLD1	Mean.HCT116	SD.HCT116						
ANAPC1	NM_022662	v2HS_98169	AATAGACATATCCATGGTGCCT	82.2	3.2	48.3	3.7						
ANAPC1	NM_022662	v2HS_98171	TTTATGCAAACAGTTAAATGCT	55.1	1.9	81	6.9						
ANAPC1	NM_022662	v2HS_98167	TATTAGTAATCGTTTCTGTCCA	75.5	1.7	104.9	10.7						
ANAPC4	NM_013367	v2HS_254660	ATACAATGGAATACAGATTGCT	92.1	5.8	51.4	1.7						
ANAPC4	NM_013367	v2HS_64633	TATACTAAAGACAAAGGCAGCT	84.8	4.4	59.2	4.8						
BXDC1	NM_032194	v2HS_257526	ATTACTAGATTATTTGGCCGCT	84.6	4.6	89.3	3						
BXDC2	NM_018321	v2HS_275380	TTGAACAAGGAATTTAGCAGAT	79.4	7.9	64.7	2.7						
BXDC5	NM_025065	v2HS_235217	TTTACCAAAGTTCAAGATAGGC	71.4	3.9	67.1	3.2						
C19orf2	NM_134447	v2HS_23231	TTATAAGACAATTTATCAGGCA	78.2	2.9	67.1	4.5						
C20orf121	NM_024331	v2HS_17999	TGTAGATTTCATCCAGTCTCTC	85.2	2.9	83.1	2						
C21orf45	NM_018944	v2HS_244109	TTGTAATCAAGATTCTTGGGCG	80.9	1.3	68.5	4.8						
CASC5	NM_144508	v2HS_38737	ATAGACAAAGGATTTGACAGGC	68.2	2.6	62.7	6.4						
CCNA2	NM_001237	v2HS_112771	TTTGCTTTCCAAGGAGGAACGG	61.1	1.3	N/A	N/A						
CCT2	NM_006431	v2HS_198914	TATTCCATGCTTAAGAATACGT	82.1	5.8	90.7	2.2						
CDC16	NM_003903	v2HS_254661	TATTCTAATCCAATATACAGCA	51.9	6.8	N/A	N/A						
CDC27	NM_001256	v2HS_112887	ATTTGGATCAACTTGGATAGCT	89.8	18.3	N/A	N/A						
CDCA8	NM_018101	v2HS_262071	ATAACAAATACCACAGAGAGCC	83.3	2.8	56.8	1.7						
COPS3	NM_011991	v2MM_21587	TATGATTCCAACATGATATGGC	81.5	1.4	N/A	N/A						
COPS4	NM_016129	v2HS_229617	TTAGCTTAATACACAGAGACCC	83	2.6	N/A	N/A						
COPS8	NM_198189	v2HS_118859	ATATAAAGCTAGAAGCTGACCA	86.7	5	N/A	N/A						
CSE1L	NM_001316	v2HS_113224	AATGAATGTGCTGTACGGAGGA	66.2	3	46.2	3.7						
CXORF40A	CR605567	v2HS_144182	TTTCCTGGAGAGTTGCTTGGGC	76.1	6	95.4	4.1						
DATF1	NM_022105	v2HS_202805	TTTAGCTTCCTGCTGATCTGCC	72.7	10.9	N/A	N/A						
DCTN4	NM_016221	v2HS_114977	TTTGTAAGAGTCAGGAGGACCT	81.5	1.8	92.4	1.6						
DHX8	D50487	v2HS_130548	TATAAATGTCACCAATGGTGGG	39	6.4	22	1.4						
EIF3S4	NM_003755	v2HS_23869	TCTTGTACTCTGTCACTGTCTT	53.4	9.6	N/A	N/A						
EIF3S8	NM_003752	v2HS_242811	TTAAGAAATCTTGAGGCCAGCG	65.7	4.8	N/A	N/A						
ERH	NM_004450	v2HS_242534	ATGTGATAGAGGGACTGTTGGG	61	2.5	45.4	1.8						
FBL	NM_001436	v2HS_113773	TTCTCTCCATAAACTGATTCCC	81.2	4.6	35.7	6.2						
FIP1L1	NM_030917	v2HS_137633	TTTCACAGTAAGCTTTCCAGGT	86.7	1.9	59.1	1.1						
FLJ34747	AK092066	v2HS_103190	TTATTGCCTTTACTTCTGTGGG	53.2	7.6	53.7	4.9						
FREM1	NM_144966	v2HS_36153	CTAATGATGGATACTTTGGCCT	83.8	11.7	96.9	2.1						
GDF10	NM_004962	v2HS_249954	TTCTCATCCAGGAAGAGGACCC	87.9	7.9	103.7	1.8						
GSPT1	NM_002094	v2HS_265999	TTATTAATTAGCACAATTAGGT	85.5	3.5	79.9	3						
HNRNPC	NM_004500	v2HS_117147	ATGGGATAAGATTTCTAAACCC	42.1	6.8	66	6.1						
IL10RA	NM_001558	v2HS_132313	TTTGCAGATGGGTGCCAGAGGT	49.6	4.3	91.8	22						
IL1RAP	AK095107	v2HS_266151	TTCTTCAGTTGCTTAGAGGGCC	54.6	12.7	94.3	5						
IREB2	NM_004136	v2HS_72166	TTGAAGAAGAACACGGGCAGGG	78.7	4.7	93.2	2.3						
JAK1	NM_002227	v2HS_133559	TTTCACCAAATCATACTGTCCC	79.8	20.1	57	24.8						
KCNH7	NM_173162	v2HS_160241	ATATCGATCCAGTTTCCTGGCC	70.3	6.2	96.6	2.4						
KIAA0258	XM_941746	v2HS_95371	TATTGTATAGATGGAGGCTGCG	24.6	5.9	49.5	1.9						
KIF2C	NM_006845	v2HS_78033	ATTCTTGCTTATTCAGTGGGCG	89	6.4	99.3	1.9						
LOC149654	XM_086625	v2HS_101621	TAACCCAAGAATTATATTCGGA	74	4.4	N/A	N/A						
LOC283194	AK091446	v2HS_182508	TTTCTCTTTCTCTTCACATCCA	74.1	9	56.3	2.6						
LOC285556	XM_373030	v2HS_21776	TTAAGGCAACAAATAGTGTCGT	84.6	4.9	87.5	3.1						
LOC730000	XM_001132025	v2HS_117690	TTTATTGCAGGTTCCAACCGGG	89	4.5	91.2	2.3						
MAPK7	NM_139033	v2HS_71361	TGAAGTACTGATGTTCAGCGGG	71.6	5.9	N/A	N/A						
METAP2	NM_006838	v2HS_197525	ATTCCAAATCTCTTCACTTGCC	83	12.7	94.2	6.9						
MTX2	NM_001006635	v2HS_196467	TTAACAAATTGGACTATTGGAC	74.4	1.4	78.6	5.5						
NEDD8	NM_006156	v2HS_64585	ATATGATGCCTCATTATGAGCG	62.7	4.1	60.9	5.8						
NF1	NM_000267	v2HS_260806	TTAAGTAATGCGATATTGAGCA	83.4	2	92.5	6.7						
NOL5A	NM_006392	v2HS_253869	ATTAAACTTAACTTTGGCACGG	76.2	4.6	89.7	3.7						
NUP93	NM_014669	v2HS_79283	TTCTTGAGTAAAGTCAAGGGCG	57.6	7.6	66.5	7.8						
NUP93	NM_014669	v2HS_259822	TATAGATATAAATTTGCCGCGC	28.3	29.2	72.2	15.5						
NXF1	NM_006362	v2HS_197810	TTTCTTTGAGGGAAATTAACGC	74.4	0.4	33.1	4.1						
PLK1	NM_005030	v2HS_19708	TGTAATTAGGAGTCCCACACAG	7.5	3.4	N/A	N/A						
PPP1R8	NM_002713	v2HS_170331	ATGTTTCCTAACTTTGTCTCCT	86.8	1.2	N/A	N/A						
PSEN1	NM_000021	v2HS_89936	TAATAATGTAAGGCACAAACCA	19.9	8.3	39.1	3.4						
PSMA5	NM_002790	v2HS_221829	TTCTCTTCTCCACAGCTAGGCA	69.5	7.9	80.6	4.5						
PSMB5	NM_002797	v2HS_170736	TATAAATAGGATGGAGGATGGG	46.3	2.5	57.9	8.4						
PSMB6	NM_002798	v2HS_277575	AACACATCTCCTTAAAGAGGCT	62.6	2.8	84.7	14.9						
QARS	NM_005051	v2HS_19130	AATAGTCAGACGCATATGTGAC	78.2	1.8	85.9	2.3						
RIMS1	NM_014989	v2HS_96371	TTTCTCCATGAATATGTCGCCT	81.9	2.5	88.5	4.7						
RIOK1	NM_031480	v2HS_117526	TATGGTTCTCATTCTATTTGCC	39.5	18.6	71.6	12.6						
SAE1	NM_005500	v2HS_64402	TTTAACTATGACATCCCTGGAG	58.6	3.8	84.6	14.4						
SHFM1	NM_006304	v2HS_33286	ATTATCCTCCCAGACATGTGCA	64.9	1.8	64.3	4.1						
SMC4	NM_001002800	v2HS_68088	TTTCAACTTAATACTAAGTGCA	81.7	2.1	59.8	8.1						
SUV39H2	NM_024670	v2HS_262274	TTAAGTACACATATACTAAGCT	52.7	5	54.8	6.8						
THOC1	NM_005131	v2HS_49799	ATAGCAAGAGAAATAATAGCTA	66.1	4.1	33.8	5.5						
TMED10	NM_006827	v2HS_261717	ATAGACTTTCTCAACATTTGCT	70.7	12.1	89.9	3.5						
TRIM44	NM_017583	v2HS_154686	AATTCAGAACACATGGAATGGG	83.4	4.1	107.3	0.7						
UBA2	NM_005499	v2HS_255026	TTATCTAAAGCATTCATAACCA	43.4	1.1	45	5.1						
UBE1	NM_153280	v2HS_171717	TTTAAAGCTAATCTTCTTAGGT	84.7	5.3	45.1	13.4						
UBE2I	NM_194261	v2HS_171776	TTGGCAGTAAATCGTGTAGGCC	25.3	7.6	64.2	1						
UBE2I	NM_194261	v2HS_171781	TATAAACACAAAGGAAGTGGCG	50.9	3.6	132.1	21						
UCRC	NM_001003684	v2HS_64096	TAAACATACTTCAAACACAGCA	76.9	2.8	92.2	4.8						
UHRF2	NM_152896	v2HS_149461	TTTCACCACCTTATAAATGCCA	57.6	12.1	N/A	N/A						
USP39	NM_006590	v2HS_196240	AATTCATACCATTTGCCTGTCC	58.4	1	47.7	8.2						
WDSOF1	NM_015420	v2HS_229697	TTATACATCAGGATTGTTAGGA	82.1	6.3	96.4	2.4						
XPO1	NM_003400	v2HS_172053	TTTGACAGAGACTTTCGCTGGT	78.6	11.8	N/A	N/A						
ZC3H18	NM_144604	v2HS_19371	TATAGATATATTTCTGATCCGG	80.7	2.1	59.6	9.4						
ZC3H18	NM_144604	v2HS_19370	TTTCATAGTCATAATAAGGGTC	89.4	0.5	64	3						
ZC3HAV1L	NM_080660	v2HS_70944	TGACAGTATCCTTTAGCATCTA	76.2	4.6	84.8	5.2						